title,selftext,created_utc,score,num_comments,url
"The AI bubble is 17 times the size of the dot-com frenzy — and four times the subprime bubble, analyst says",,1760285669.0,29728,1972,https://www.marketwatch.com/story/the-ai-bubble-is-17-times-the-size-of-the-dot-com-frenzy-this-analyst-argues-046e7c5c
"Google is blocking AI searches for the president and dementia | Google appears to have blocked AI search results for questions about his mental acuity, even though it will show AI results for similar searches about other presidents.",,1759326325.0,47408,1881,https://www.theverge.com/news/789152/google-ai-searches-blocking-trump-dementia-biden
"Taylor Swift loses over 1,000,000 Instagram followers after The Life of a Showgirl release as fans slam use of AI in album promotion",,1759841805.0,30064,1603,https://poprant.indiatimes.com/trending/taylor-swift-loses-over-1000000-instagram-followers-after-the-life-of-a-showgirl-release-as-fans-slam-use-of-ai-in-album-promotion-672679.html
News Outlets Won't Describe the President’s AI Video For What It Is: The President Pooping on America,,1760981497.0,37330,1035,https://www.404media.co/trump-no-kings-ai-poop-jet-video/
President Posts Bizarre AI Video of Project 2025 Architect as the Grim Reaper and Democrats as “babies” | It used to be considered unusual for a U.S. president to do things like this.,,1759511833.0,39539,1349,https://gizmodo.com/trump-posts-bizarre-ai-video-of-project-2025-architect-as-the-grim-reaper-2000667291
"Taco Bell rethinks AI drive-through after man orders 18,000 waters",,1756494376.0,57211,2757,https://www.bbc.com/news/articles/ckgyk2p55g8o
The Job Market Is Hell: Young people are using ChatGPT to write their applications; HR is using AI to read them; no one is getting hired.,,1757346903.0,42048,1936,https://www.theatlantic.com/ideas/archive/2025/09/job-market-hell/684133/?gift=Vowm9zXD_VpjYJtYApIfy6iqYdFY6568omVJ07mz1tc
Morgan Stanley warns AI could sink 42-year-old software giant Adobe,,1758988498.0,16686,2106,https://finance.yahoo.com/news/morgan-stanley-warns-ai-could-180300766.html
"OpenAI admits AI hallucinations are mathematically inevitable, not just engineering flaws",,1758466317.0,22719,1763,https://www.computerworld.com/article/4059383/openai-admits-ai-hallucinations-are-mathematically-inevitable-not-just-engineering-flaws.html
Trump calls video of bag being thrown from White House an ‘AI-generated’ fake,,1756844048.0,33495,2176,https://www.cnn.com/2025/09/02/politics/white-house-black-bag-video-mystery
‘Unhinged and Anti-American’: Critics Erupt Over Trump‘s AI-Generated Threat | Trump Threatening ‘WAR’ For Chicago and that they are “about to find out why it’s called the Department of WAR” in an AI post showing the city going full Apocalypse Now.,,1757185368.0,36453,1835,https://www.mediaite.com/media/news/unhinged-and-anti-american-critics-erupt-over-trumps-ai-generated-threat/
Robin Williams’ daughter begs fans to stop sending her AI videos of late father,,1759834312.0,32505,1030,https://www.independent.co.uk/arts-entertainment/films/news/robin-williams-daughter-zelda-ai-videos-b2840650.html
Trump’s new plan for Medicare: Let AI decide whether you should be covered or not -- “This is exactly the same tactic that private insurers like UnitedHealth use to delay and deny treatment”,,1756641717.0,45419,1763,https://gizmodo.com/trump-medicare-advantage-plan-artificial-intelligence-prior-authorization-2000650826
Top economists and Jerome Powell agree that Gen Z’s hiring nightmare is real—and it’s not about AI eating entry-level jobs,,1758556421.0,23137,1454,https://finance.yahoo.com/news/top-economists-jerome-powell-agree-123000061.html
Trump puts up AI video of Obama being arrested by the FBI in the Oval Office,,1753063419.0,55717,4188,https://www.dailykos.com/stories/2025/7/20/2334381/-Trump-puts-up-AI-video-of-Obama-being-arrested-by-the-FBI-in-the-Oval-Office
"AI experts return from China stunned: The U.S. grid is so weak, the race may already be over",,1755243659.0,34669,2314,https://fortune.com/2025/08/14/data-centers-china-grid-us-infrastructure/
"The AI bubble is the only thing keeping the US economy together, Deutsche Bank warns | When the bubble bursts, reality will hit far harder than anyone expects",,1758884607.0,16257,1456,https://www.techspot.com/news/109626-ai-bubble-only-thing-keeping-us-economy-together.html
Trump Accused of Sharing Bogus Video of Deadly Drug Boat Strike | A Venezuelan official said the video the president gloated about was “generated by AI.”,,1756914532.0,33536,1304,https://www.thedailybeast.com/donald-trump-accused-of-sharing-bogus-video-of-deadly-drug-boat-strike/
MIT report: 95% of generative AI pilots at companies are failing,,1755576163.0,28460,1774,https://fortune.com/2025/08/18/mit-report-95-percent-generative-ai-pilots-at-companies-failing-cfo/
AI is unmasking ICE officers,,1756736420.0,34191,1219,https://www.politico.com/news/2025/08/29/ai-unmasking-ice-officers-00519478
"Everyone's wondering if, and when, the AI bubble will pop. Here's what went down 25 years ago that ultimately burst the dot-com boom | Fortune",,1759077916.0,11711,1398,https://fortune.com/2025/09/28/ai-dot-com-bubble-parallels-history-explained-companies-revenue-infrastructure/
The warning signs the AI bubble is about to burst,,1755854446.0,16719,2015,https://www.telegraph.co.uk/business/2025/08/20/ai-report-triggering-panic-and-fear-on-wall-street/
"Sam Altman says Gen Z are the ‘luckiest’ kids in all of history thanks to AI, despite mounting job displacement dread",,1754856380.0,19683,2043,https://fortune.com/2025/08/10/sam-altman-gen-z-luckiest-generation-artificial-intelligence-jobs/
OpenAI's ChatGPT is so popular that almost no one will pay for it,,1760613186.0,7937,1422,https://www.theregister.com/2025/10/15/openais_chatgpt_popular_few_pay/?td=rt-3a
"Bernie Sanders says that if AI makes us so productive, we should get a 4-day work week",,1750868743.0,88653,2080,https://techcrunch.com/2025/06/25/bernie-sanders-says-that-if-ai-makes-us-so-productive-we-should-get-a-4-day-work-week/
Computer scientist Geoffrey Hinton: ‘AI will make a few people much richer and most people poorer’,,1757076918.0,23828,906,https://www.ft.com/content/31feb335-4945-475e-baaa-3b880d9cf8ce
Billionaires Convince Themselves AI Chatbots Are Close to Making New Scientific Discoveries,,1752606087.0,26589,1998,https://gizmodo.com/billionaires-convince-themselves-ai-is-close-to-making-new-scientific-discoveries-2000629060
The warning signs the AI bubble is about to burst,,1755745846.0,14321,1416,https://www.telegraph.co.uk/gift/306a41e3f107c539
"AI Cheating Is So Out of Hand In America’s Schools That the Blue Books Are Coming Back | Pen and paper is back, baby.",,1748444473.0,56205,3172,https://gizmodo.com/ai-cheating-is-so-out-of-hand-in-americas-schools-that-the-blue-books-are-coming-back-2000607771
"Goodwill CEO says he’s preparing for an influx of jobless Gen Zers because of AI—and warns, a youth unemployment crisis is already happening",,1758467999.0,15920,763,https://www.yahoo.com/news/articles/goodwill-ceo-says-preparing-influx-090000273.html
Software engineer lost his $150K-a-year job to AI—he’s been rejected from 800 jobs and forced to DoorDash and live in a trailer to make ends meet,,1747246305.0,41624,5328,https://www.yahoo.com/news/software-engineer-lost-150k-job-090000839.html
"Say farewell to the AI bubble, and get ready for the crash",,1755709600.0,11972,1404,https://www.latimes.com/business/story/2025-08-20/say-farewell-to-the-ai-bubble-and-get-ready-for-the-crash
"AI could erase 100 million U.S. jobs, Senate Dem report finds",,1759762669.0,8008,983,https://www.axios.com/2025/10/06/ai-us-jobs-cut-100-million-democrats
AI industry horrified to face largest copyright class action ever certified,,1754730020.0,16774,1196,https://arstechnica.com/tech-policy/2025/08/ai-industry-horrified-to-face-largest-copyright-class-action-ever-certified/
"Google's Gemini AI tells a Redditor it's 'cautiously optimistic' about fixing a coding bug, fails repeatedly, calls itself an embarrassment to 'all possible and impossible universes' before repeating 'I am a disgrace' 86 times in succession",,1754994291.0,20592,935,https://www.pcgamer.com/software/platforms/googles-gemini-ai-tells-a-redditor-its-cautiously-optimistic-about-fixing-a-coding-bug-fails-repeatedly-calls-itself-an-embarrassment-to-all-possible-and-impossible-universes-before-repeating-i-am-a-disgrace-86-times-in-succession/
"The AI boom is more overhyped than the 1990s dot-com bubble, says top economist",,1753103535.0,18006,1394,https://www.techspot.com/news/108730-ai-boom-more-overhyped-than-1990s-dot-com.html
Duolingo CEO says AI is a better teacher than humans—but schools will still exist ‘because you still need childcare’,,1747758983.0,28393,4087,https://fortune.com/2025/05/20/duolingo-ai-teacher-schools-childcare/
Tulsi Gabbard Admits She Asked AI Which JFK Files Secrets to Reveal,,1749660201.0,38406,1439,https://www.thedailybeast.com/tulsi-gabbard-admits-to-asking-ai-what-to-classify-in-jfk-files/
"Zoom’s CEO agrees with Bill Gates, Jensen Huang, and Jamie Dimon: A 3-day workweek is coming soon thanks to AI | Fortune",,1757968343.0,8346,966,https://fortune.com/2025/09/15/zoom-ceo-eric-yuan-three-day-workweek-ai-automation-human-jobs-replaced-future-of-work/
Billionaire Mark Cuban says that 'companies don’t understand’ how to implement AI right now—and that's an opportunity for Gen Z coming out of school,,1756676881.0,12015,836,https://fortune.com/2025/08/26/billionaire-mark-cuban-gen-z-job-opportunity-teach-ai-implementation-companies-struggles-to-understand-future-of-work-former-shark-tank-star/
Trump team leaks AI plans in public GitHub repository,,1750002089.0,33974,1129,https://www.theregister.com/2025/06/10/trump_admin_leak_government_ai_plans/
Jensen says Nvidia’s China AI GPU market share has plummeted from 95% to zero — the Chinese market previously amounted to 20% to 25% of the chipmaker's data center revenue,,1760799377.0,7281,648,https://www.tomshardware.com/tech-industry/jensen-huang-says-nvidia-china-market-share-has-fallen-to-zero
Duolingo CEO on going AI-first: ‘I did not expect the blowback’,,1749398632.0,22349,1493,https://www.ft.com/content/6fbafbb6-bafe-484c-9af9-f0ffb589b447
Gen Z is laughing in the face of the AI jobs apocalypse. I see it in my classroom every day,,1757284849.0,8346,923,https://www.yahoo.com/news/articles/gen-z-laughing-face-ai-123000930.html
Microsoft Internal Memo: 'Using AI Is No Longer Optional.',,1751085331.0,12255,1892,https://www.businessinsider.com/microsoft-internal-memo-using-ai-no-longer-optional-github-copilot-2025-6
Trump Accused of Using ChatGPT to Create Tariff Plan After AI Leads Users to Same Formula: 'So AI is Running the Country',,1743711560.0,82084,2751,https://www.latintimes.com/trump-accused-using-chatgpt-create-tariff-plan-after-ai-leads-users-same-formula-so-ai-579899
"AI Slop Startup To Flood The Internet With Thousands Of AI Slop Podcasts, Calls Critics Of AI Slop ‘Luddites’",,1758544952.0,8491,742,https://www.techdirt.com/2025/09/22/ai-slop-startup-to-flood-the-internet-with-thousands-of-ai-slop-podcasts-calls-critics-of-ai-slop-luddites/
"RFK Jr. Says AI Will Approve New Drugs at FDA ‘Very, Very Quickly’",,1751405113.0,12907,1488,https://gizmodo.com/rfk-jr-says-ai-will-approve-new-drugs-at-fda-very-very-quickly-2000622778
Google Gets an Astounding $34.5 Billion Offer for Chrome Browser From AI Startup Perplexity,,1755016243.0,11917,856,https://variety.com/2025/digital/news/google-34-5-billion-bid-chrome-browser-ai-perplexity-1236487442/
The Trump Administration Is Planning to Use AI to Deny Medicare Authorizations,,1752342312.0,18779,923,https://truthout.org/articles/the-trump-administration-is-planning-to-use-ai-to-deny-medicare-authorizations/
"Duolingo will replace contract workers with AI. The company is going to be ‘AI-first,’ says its CEO.",,1745884306.0,20605,2482,https://www.theverge.com/news/657594/duolingo-ai-first-replace-contract-workers
CEOs Start Saying the Quiet Part Out Loud: AI Will Wipe Out Jobs,,1751507946.0,11659,1338,https://www.wsj.com/tech/ai/ai-white-collar-job-loss-b9856259
Gen Z grads say their college degrees were a waste of time and money as AI infiltrates the workplace,,1745346479.0,26603,2104,https://nypost.com/2025/04/21/tech/gen-z-grads-say-their-college-degrees-are-worthless-thanks-to-ai/
Grok AI Has a Problem: It’s Too Accurate for Conservatives | MAGA folks can't believe their preferred chatbot won't reaffirm all their beliefs.,,1746272708.0,44564,1261,https://gizmodo.com/elon-musks-grok-ai-has-a-problem-its-too-accurate-for-conservatives-2000597568
"Bernie Sanders Reveals the AI 'Doomsday Scenario' That Worries Top Experts | The senator discusses his fears that artificial intelligence will only enrich the billionaire class, the fight for a 32-hour work week, and the ‘doomsday scenario’ that has some of the world’s top experts deeply concerned",,1752494429.0,16501,790,https://gizmodo.com/bernie-sanders-reveals-the-ai-doomsday-scenario-that-worries-top-experts-2000628611
5 out of 11 CEOs who attended Trump’s White House AI dinner are of Indian-origin,,1757102808.0,7356,797,https://www.moneycontrol.com/technology/5-out-of-11-ceos-who-attended-trump-s-white-house-ai-dinner-are-of-indian-origin-article-13524034.html
DuckDuckGo now lets you hide AI-generated images in search results,,1752882633.0,36757,547,https://techcrunch.com/2025/07/18/duckduckgo-now-lets-you-hide-ai-generated-images-in-search-results/
MAGA Senator Mike Lee Falls for Fake Letter That Appears to Be Generated by AI | Why are President Trump's supporters so easy to fool on social media?,,1753278037.0,14041,740,https://gizmodo.com/maga-senator-mike-lee-falls-for-fake-letter-that-appears-to-be-generated-by-ai-2000632864
Netflix will show generative AI ads midway through streams in 2026,,1747325760.0,13092,2003,https://arstechnica.com/gadgets/2025/05/netflix-will-show-generative-ai-ads-midway-through-streams-in-2026/
"Salesforce tech CEO says AI enabled him to cut 4,000 jobs",,1756752984.0,7134,765,https://www.kron4.com/news/technology-ai/sf-tech-ceo-says-ai-enabled-him-to-cut-4000-jobs/
RFK Jr.‘s ‘Make America Healthy Again’ report seems riddled with AI slop,,1748605164.0,30339,826,https://www.theverge.com/news/676945/rfk-jr-maha-health-report-ai-slop
Elon Musk Appears to Be Completely Addicted to Anime Gooner AI Slop,,1756230130.0,11097,555,https://www.rollingstone.com/culture/culture-news/elon-musk-grok-anime-porn-1235415287/
"Dreamworks is fighting AI as fans find a warning at the end of new animated movie Bad Guys 2 credits, threatening legal action if the film is used to train AI programs",,1753961503.0,11094,701,https://www.gamesradar.com/entertainment/animation-movies/dreamworks-is-fighting-ai-as-fans-find-a-warning-at-the-end-of-new-animated-movie-bad-guys-2-credits-threatening-legal-action-if-the-film-is-used-to-train-ai-programs/
"""Cheap, chintzy, lazy"": Readers are canceling their Vogue subscriptions after AI-generated models appear in August issue",,1753612415.0,16017,586,https://www.dailydot.com/culture/ai-models-vogue/
Microsoft CEO Admits That AI Is Generating Basically No Value,,1740494983.0,37533,2328,https://ca.finance.yahoo.com/news/microsoft-ceo-admits-ai-generating-123059075.html?guccounter=1&guce_referrer=YW5kcm9pZC1hcHA6Ly9jb20uZ29vZ2xlLmFuZHJvaWQuZ29vZ2xlcXVpY2tzZWFyY2hib3gv&guce_referrer_sig=AQAAAFVpR98lgrgVHd3wbl22AHMtg7AafJSDM9ydrMM6fr5FsIbgo9QP-qi60a5llDSeM8wX4W2tR3uABWwiRhnttWWoDUlIPXqyhGbh3GN2jfNyWEOA1TD1hJ8tnmou91fkeS50vNyhuZgEP0ho7BzodLo-yOXpdoj_Oz_wdPAP7RYj
"Airbnb guest says host used AI-generated images in false $9,000 damages claim | Airbnb initially sided with host before reversing decision",,1754309405.0,13128,589,https://www.techspot.com/news/108921-airbnb-guest-host-used-ai-generated-images-false.html
"The AI slop drops right from the top, as the White House posts vulgar deepfake of opponents",,1759318465.0,15536,337,https://arstechnica.com/culture/2025/09/ai-leadership-trump-posts-deepfakes-of-dems-calling-themselves-woke-pieces-of-s-t/
Meta staff torrented nearly 82TB of pirated books for AI training — court records reveal copyright violations,,1739203859.0,75450,1983,https://www.tomshardware.com/tech-industry/artificial-intelligence/meta-staff-torrented-nearly-82tb-of-pirated-books-for-ai-training-court-records-reveal-copyright-violations
Klarna’s AI replaced 700 workers — Now the fintech CEO wants humans back after $40B fall,,1747675810.0,25565,825,https://www.livemint.com/companies/news/klarnas-ai-replaced-700-workers-now-the-fintech-ceo-wants-humans-back-after-40b-fall-11747573937564.html
"Meta torrented over 81.7TB of pirated books to train AI, authors say",,1738879423.0,64576,1934,https://arstechnica.com/tech-policy/2025/02/meta-torrented-over-81-7tb-of-pirated-books-to-train-ai-authors-say/
DOGE will use AI to assess the responses from federal workers who were told to justify their jobs via email,,1740430880.0,22480,2565,https://www.nbcnews.com/politics/doge/federal-workers-agencies-push-back-elon-musks-email-ultimatum-rcna193439
AI Has Broken High School and College,,1756563020.0,5813,784,https://www.theatlantic.com/newsletters/archive/2025/08/ai-high-school-college/684057/?gift=tIHyeEUg4NM6vyxJ-5M0EDdqr-aKkqe-ME3uGatqNeQ
‘Clown’ Donald Trump slammed for AI-generated pope post,,1746368297.0,26817,872,https://www.independent.co.uk/news/world/americas/trump-pope-ai-post-church-b2744622.html
"It’s Breathtaking How Fast AI Is Screwing Up the Education System | Thanks to a new breed of chatbots, American stupidity is escalating at an advanced pace.",,1747399829.0,15097,1013,https://gizmodo.com/its-breathtaking-how-fast-ai-is-screwing-up-the-education-system-2000603100
A Judge Accepted AI Video Testimony From a Dead Man,,1746714081.0,15977,1052,https://www.404media.co/email/0cb70eb4-c805-4e4e-9428-7ae90657205c/?ref=daily-stories-newsletter
AI agents wrong ~70% of time: Carnegie Mellon study,,1751242527.0,11898,741,https://www.theregister.com/2025/06/29/ai_agents_fail_a_lot/
President Trump: It’s Not Doable for AI Companies to Pay for All Copyrighted Input,,1753365494.0,5939,1143,https://torrentfreak.com/president-trump-its-not-doable-for-ai-companies-to-pay-for-all-copyrighted-input/
Melania Trump releases audiobook version of her memoir. It's narrated by an AI voice,,1750928863.0,11759,727,https://www.usatoday.com/story/entertainment/books/2025/05/22/melania-trump-memoir-ai-voice-narrator/83797484007/
OpenAI says it has evidence China’s DeepSeek used its model to train competitor,,1738138215.0,21880,3247,https://www.ft.com/content/a0dfedd1-5255-4fa9-8ccc-1fe01de87ea6
Federal Workers Say They’re Being Watched by AI for Saying Anything Bad about Trump,,1744201121.0,20622,999,https://www.zmescience.com/science/news-science/federal-workers-say-theyre-being-watched-by-ai-for-saying-anything-bad-about-trump-or-musk/
An OpenAI whistleblower was found dead in his apartment. Now his mother wants answers,,1739107001.0,46474,1296,https://fortune.com/2025/02/08/openai-whistleblower-suchir-balaji-death-police-investigation-san-francisco-family-questions/
Scarlett Johansson calls for deepfake ban after AI video goes viral,,1739385012.0,23175,1689,https://www.theverge.com/news/611016/scarlett-johansson-deepfake-laws-ai-video
Billionaire Larry Ellison says a vast AI-fueled surveillance system can ensure 'citizens will be on their best behavior',,1737821618.0,21803,2250,https://web.archive.org/web/20250124051505/https://www.businessinsider.com/larry-ellison-ai-surveillance-keep-citizens-on-their-best-behavior-2024-9
Taco Bell’s AI drive-thru plan gets caught up on trolls and glitches. A Taco Bell exec is having second thoughts about using AI at the drive-thru.,,1756390918.0,7151,501,https://www.theverge.com/news/767421/taco-bell-ai-drive-thru-trolls-glitches
"The AI Report That's Spooking Wall Street | The majority of companies are failing to see any returns on their AI investments, a report finds.",,1755712411.0,6628,565,https://gizmodo.com/the-ai-report-thats-spooking-wall-street-2000645518
OpenAI Somehow Needs Another $400 Billion In The Next 12 Months,,1760743443.0,4712,455,https://www.wheresyoured.at/openai400bn/
"At $250 million, top AI salaries dwarf those of the Manhattan Project and the Space Race | A 24 year-old AI researcher will earn 327x what Oppenheimer made while developing the atomic bomb.",,1754130136.0,6890,640,https://arstechnica.com/ai/2025/08/at-250-million-top-ai-salaries-dwarf-those-of-the-manhattan-project-and-the-space-race/
YouTube backlash begins: “Why is AI combing through every single video I watch?” | Adult YouTubers defend childish viewing habits in fight to block AI age checks.,,1755041671.0,7550,527,https://arstechnica.com/tech-policy/2025/08/50k-youtubers-rage-against-ai-spying-that-could-expose-identities/
A Chinese startup just showed every American tech company how quickly it's catching up in AI,,1737968018.0,19113,2001,https://www.businessinsider.com/china-startup-deepseek-openai-america-ai-2025-1
"If you can't use AI then it's bye bye, Accenture tells staff",,1759046391.0,3892,673,https://www.theregister.com/2025/09/26/accenture_ai_jobs/
Stars protest after AI actress gets agency interest: ‘What about living young women?’,,1759110590.0,3937,653,https://www.independent.co.uk/arts-entertainment/films/news/ai-actress-tilly-norwood-protest-b2835425.html
Poll: Banning state regulation of AI is massively unpopular,,1748713059.0,14327,628,https://mashable.com/article/big-beautiful-bill-ai-moratorium-poll?taid=6838b9447f25e3000145fa61
"Microsoft confirms it made $27 billion after laying off 9,000 people, and its CEO physically cannot stop talking about AI: ""Cloud and AI is the driving force of business transformation across every industry and sector""",,1753992175.0,6570,651,https://www.gamesradar.com/games/microsoft-confirms-it-made-usd27-billion-after-laying-off-9-000-people-and-its-ceo-physically-cannot-stop-talking-about-ai-cloud-and-ai-is-the-driving-force-of-business-transformation-across-every-industry-and-sector/
The Shocking Far-Right Agenda Behind the Facial Recognition Tech Used by ICE and the FBI. Thousands of newly obtained documents show that Clearview AI’s founders always intended to target immigrants and the political left.,,1744026674.0,18023,868,https://www.motherjones.com/politics/2025/04/clearview-ai-immigration-ice-fbi-surveillance-facial-recognition-hoan-ton-that-hal-lambert-trump/
"Microsoft launches Copilot AI function in Excel, but warns not to use it in 'any task requiring accuracy or reproducibility'",,1756128680.0,7004,472,https://www.pcgamer.com/software/ai/microsoft-launches-copilot-ai-function-in-excel-but-warns-not-to-use-it-in-any-task-requiring-accuracy-or-reproducibility/
"Trump unveils aggressive AI plan focused on deregulation, dismisses copyright payments for AI training",,1753534293.0,7170,593,https://www.techspot.com/news/108808-trump-unveils-aggressive-ai-plan-focused-deregulation-dismisses.html
ChatGPT refuses to say one specific name – and people are worried | Asking the AI bot to write the name ‘David Mayer’ causes it to prematurely end the chat,,1733152752.0,25117,2999,https://www.independent.co.uk/tech/chatgpt-david-mayer-name-glitch-ai-b2657197.html
AI’s Biggest Threat: Young People Who Can’t Think,,1750651433.0,7573,741,https://www.wsj.com/opinion/the-biggest-ai-threat-young-people-who-cant-think-303be1cd?st=AtCXdx
"As People Ridicule GPT-5, Sam Altman Says OpenAI Will Need ‘Trillions’ in Infrastructure",,1755410994.0,4170,885,https://gizmodo.com/as-people-ridicule-gpt-5-sam-altman-says-openai-will-need-trillions-in-infrastructure-2000643867
Hertz AI Scanner Charges $350 for Tiny 'Dings' on Rental and This Is Going Off the Rails,,1752025164.0,9084,546,https://www.thedrive.com/news/hertz-ai-scanner-charging-350-for-dime-sized-dings-proves-this-is-going-off-the-rails
This Is What Happens When Hertz's AI Scanner Finds Damage on Your Rental,,1750682762.0,6479,847,https://www.thedrive.com/news/this-is-what-happens-when-hertzs-ai-scanner-finds-damage-on-your-rental
"AI-generated ‘slop’ is slowly killing the internet, so why is nobody trying to stop it? | Low-quality ‘slop’ generated by AI is crowding out genuine humans across the internet, but instead of regulating it, platforms such as Facebook are positively encouraging it. Where does this end?",,1736394341.0,20471,1703,https://www.theguardian.com/global/commentisfree/2025/jan/08/ai-generated-slop-slowly-killing-internet-nobody-trying-to-stop-it
'AI can’t install an HVAC system': Why Gen Z is flocking to jobs in the trades,,1756631853.0,4182,694,https://finance.yahoo.com/news/ai-cant-install-an-hvac-system-why-gen-z-is-flocking-to-jobs-in-the-trades-171735856.html
YouTube Will Add an AI Slop Button Thanks to Google's Veo 3,,1750602305.0,9365,578,https://gizmodo.com/youtube-will-add-an-ai-slop-button-thanks-to-googles-veo-3-2000618126
College grads shocked as names are read at commencement — by AI,,1748521876.0,8303,769,https://nypost.com/2025/05/23/tech/college-grads-shocked-as-names-are-read-at-commencement-by-ai-what-a-beautiful-personal-touch/
"OpenAI whistleblower found dead in San Francisco apartment. Suchir Balaji, 26, claimed the company broke copyright law",,1734128401.0,41358,1379,https://www.sun-sentinel.com/2024/12/13/openai-whistleblower-found-dead-in-san-francisco-apartment/
"Researchers Secretly Ran a Massive, Unauthorized AI Persuasion Experiment on Reddit Users",,1745852645.0,9787,874,https://www.404media.co/researchers-secretly-ran-a-massive-unauthorized-ai-persuasion-experiment-on-reddit-users/
"Wall Street's AI Bubble Is Worse Than the 1999 Dot-com Bubble, Warns a Top Economist",,1752758131.0,7469,530,https://gizmodo.com/wall-streets-ai-bubble-is-worse-than-the-1999-dot-com-bubble-warns-a-top-economist-2000630487
"$1.5 Billion AI Unicorn Collapse, All Indian Programmers Impersonating AI!",,1748423152.0,11591,566,https://www.binance.com/en/square/post/24723372076545
Delta moves toward eliminating set prices in favor of AI that determines how much you personally will pay for a ticket,,1752708275.0,5412,708,https://fortune.com/2025/07/16/delta-moves-toward-eliminating-set-prices-in-favor-of-ai-that-determines-how-much-you-personally-will-pay-for-a-ticket/
Trump plans to dismantle Biden AI safeguards after victory | Trump plans to repeal Biden's 2023 order and levy tariffs on GPU imports.,,1730945127.0,23211,2819,https://arstechnica.com/ai/2024/11/trump-victory-signals-major-shakeup-for-us-ai-regulations/
Meta AI in panic mode as free open-source DeepSeek gains traction and outperforms for far less,,1737940123.0,17567,1192,https://techstartups.com/2025/01/24/meta-ai-in-panic-mode-as-free-open-source-deepseek-outperforms-at-a-fraction-of-the-cost/
"Sam Altman says ‘yes,’ AI is in a bubble.",,1755295823.0,4880,591,https://www.theverge.com/ai-artificial-intelligence/759965/sam-altman-openai-ai-bubble-interview
DOGE Plan to Push AI Across the US Federal Government is Wildly Dangerous,,1741492259.0,18701,775,https://www.techpolicy.press/doge-plan-to-push-ai-across-the-us-federal-government-is-wildly-dangerous/
ChatGPT 'got absolutely wrecked' by Atari 2600 in beginner's chess match — OpenAI's newest model bamboozled by 1970s logic,,1749482875.0,7682,663,https://www.tomshardware.com/tech-industry/artificial-intelligence/chatgpt-got-absolutely-wrecked-by-atari-2600-in-beginners-chess-match-openais-newest-model-bamboozled-by-1970s-logic
Goldman Sachs economist warns Gen Z tech workers are first on the chopping block as AI shows signs of shaking up the labor market,,1754607359.0,4666,651,https://finance.yahoo.com/news/goldman-sachs-economist-warns-gen-162037869.html
OpenAI Whistleblower Suchir Balaji’s Death Ruled a Suicide,,1734211092.0,22858,1492,https://www.thewrap.com/openai-whistleblower-suchir-balaji-death-suicide/
Man who used AI to create child abuse images jailed for 18 years,,1730115379.0,28928,2296,https://www.theguardian.com/uk-news/2024/oct/28/man-who-used-ai-to-create-child-abuse-images-jailed-for-18-years
"Microsoft's Windows lead says the next version of Windows will be ""more ambient, pervasive, and multi-modal"" as AI redefines the desktop interface",,1755133331.0,2958,1425,https://www.windowscentral.com/microsoft/windows-11/microsoft-teases-windows-12-next-version-os-agentic-ai-ambient-computing-copilot
'Red Flag': Analysts Sound Major Alarms As AI Bubble Now 'Bigger' Than Subprime | Analysts published today that the bubble generated by AI is now 17 times larger than the dot-com bubble in the late 1990s and four times bigger than the global real-estate bubble that crashed the economy in 2008.,,1759524804.0,3932,455,https://www.commondreams.org/news/artificial-intelligence-bubble
"Artificial intelligence is 'not human' and 'not intelligent' says expert, amid rise of 'AI psychosis'",,1755977266.0,4963,490,https://www.lbc.co.uk/article/ai-psychosis-artificial-intelligence-5HjdBLH_2/
Donald Trump Falsely Claims Taylor Swift Has Endorsed Him by Posting AI Images: ‘I Accept’,,1724077809.0,46851,3747,https://variety.com/2024/music/news/donald-trump-falsely-claims-taylor-swift-endorsed-ai-images-1236110583/
Study: 94% Of AI-Generated College Writing Is Undetected By Teachers,,1733013012.0,15164,1824,https://www.forbes.com/sites/dereknewton/2024/11/30/study-94-of-ai-generated-college-writing-is-undetected-by-teachers/
Google says it dropped the energy cost of AI queries by 33x in one year,,1755909009.0,5647,406,https://arstechnica.com/ai/2025/08/google-says-it-dropped-the-energy-cost-of-ai-queries-by-33x-in-one-year/
Trump faces Truth Social backlash over AI video of Gaza with topless Netanyahu and bearded bellydancers,,1740573378.0,16365,697,https://www.theguardian.com/us-news/2025/feb/26/backlash-trump-shares-ai-created-video-reimagined-gaza
How OpenAI's Ghibli frenzy took a dark turn real fast,,1743168896.0,6675,1201,https://www.businessinsider.com/openai-studio-ghibli-image-generator-copyright-debate-sam-altman-2025-3
White House Releases Yet Another AI-Generated Image Of Trump — This Time As A Jacked Sith Lord,,1746439155.0,8727,624,https://deadline.com/2025/05/white-house-ai-generated-trump-image-star-wars-sith-1236384959/
AI is rotting your brain and making you stupid,,1748268329.0,5424,849,https://newatlas.com/ai-humanoids/ai-is-rotting-your-brain-and-making-you-stupid/
YouTube will begin using AI for age verification next week,,1754676536.0,3770,683,https://mashable.com/article/youtube-age-verifying-ai-how?test_uuid=003aGE6xTMbhuvdzpnH5X4Q&test_variant=b
"MIT report says 95% of AI implementations don't increase profits, spooking Wall Street",,1755865581.0,7246,327,https://www.techspot.com/news/109148-mit-report-95-ai-implementations-dont-increase-profits.html
"Ben Stiller, Mark Ruffalo and More Than 400 Hollywood Names Urge Trump to Not Let AI Companies ‘Exploit’ Copyrighted Works",,1742248920.0,12101,648,https://variety.com/2025/digital/news/hollywood-urges-trump-block-ai-exploit-copyrights-1236339750/
AWS CEO says AI replacing junior staff is 'dumbest idea',,1755782536.0,8182,292,https://www.theregister.com/2025/08/21/aws_ceo_entry_level_jobs_opinion/
Nicolas Cage Urges Young Actors To Protect Themselves From AI: “This Technology Wants To Take Your Instrument”,,1729475131.0,22919,1370,https://deadline.com/2024/10/nicolas-cage-ai-young-actors-protection-newport-1236121581/
Ted Cruz’s new bill would let AI companies set their own rules for up to 10 years. ﻿The SANDBOX Act would let companies request exemptions from regulation for AI products and services — and let the White House override agencies that say no.,,1757550787.0,5691,306,https://www.theverge.com/ai-artificial-intelligence/776130/senator-ted-cruz-ai-sandbox-bill
Microsoft saved $500 million by using AI in its call centers last year – and it’s a sign of things to come for everyone else,,1752143509.0,4615,573,https://www.itpro.com/business/business-strategy/microsoft-saved-usd500-million-by-using-ai-in-its-call-centers-last-year-and-its-a-sign-of-things-to-come-for-everyone-else
Billionaire Larry Ellison says a vast AI-fueled surveillance system can ensure 'citizens will be on their best behavior',,1726491116.0,15329,2554,https://www.businessinsider.com/larry-ellison-ai-surveillance-keep-citizens-on-their-best-behavior-2024-9?utm_source=reddit.com
"Mark Zuckerberg Plans to Shake Up Meta’s A.I. Efforts, planning to downsize AI department, lay off AI executives",,1755640061.0,4314,442,https://www.nytimes.com/2025/08/19/technology/mark-zuckerberg-meta-ai.html
Taylor Swift breaks silence on AI misinformation by Donald Trump — “Childless cat lady” endorses Kamala Harris,,1726027024.0,36841,1327,https://parade.com/news/taylor-swift-breaks-silence-donald-trump-false-ai-endorsement-endorses-kamala-harris
Schools turn to handwritten exams as AI cheating surges,,1751726668.0,5898,453,https://www.foxnews.com/tech/schools-turn-handwritten-exams-ai-cheating-surges
Sam Altman admits OpenAI ‘totally screwed up’ its GPT-5 launch and says the company will spend trillions of dollars on data centers,,1755681815.0,3395,554,https://fortune.com/2025/08/18/sam-altman-openai-chatgpt5-launch-data-centers-investments/
Elton John is furious about plans to let Big Tech train AI on artists' work for free,,1747735982.0,10163,406,https://www.businessinsider.com/elton-john-uk-government-ai-legislation-artists-copyright-2025-5
X’s controversial changes to blocking and AI training sees half a million users leave for rival Bluesky – which then crashes under the strain,,1729370381.0,18269,1238,https://www.techradar.com/computing/websites-apps/xs-controversial-changes-to-blocking-and-ai-training-sees-half-a-million-users-leave-for-rival-bluesky-which-then-crashes-under-the-strain
Trump accused of using AI to compose ‘slip shod’ executive orders,,1737997662.0,17233,619,https://www.the-independent.com/news/world/americas/us-politics/trump-garbled-executive-orders-ai-b2684658.html
Lawyer for MyPillow Founder Filed AI-Generated Brief with ‘Nearly 30’ Bogus Citations,,1745778563.0,17876,362,https://gizmodo.com/lawyer-for-mypillow-founder-filed-ai-generated-brief-with-nearly-30-bogus-citations-2000594743
Trump falsely claims Harris used AI to generate visuals depicting large crowds,,1723475227.0,18247,2332,https://www.usatoday.com/story/news/politics/elections/2024/08/12/trump-kamala-harris-crowd-size-claim/74765076007/
"Trump Tariffs Could Triple iPhone Price to $3,500, Threatening AI Progress",,1743775702.0,6592,735,https://www.androidheadlines.com/2025/04/trump-tariffs-could-triple-iphone-price-to-3500-threatening-ai-progress.html
Robert Downey Jr. Refuses to Let Hollywood Create His AI Digital Replica: ‘I Intend to Sue all Future Executives’ Who Recreate My Likeness,,1730160726.0,34751,769,https://variety.com/2024/film/news/robert-downey-jr-bands-hollywood-digital-replace-lawsuit-1236192374/
Goldman Sachs warns of 'jobless growth' in the US as AI fuels output but not jobs,,1760453624.0,4328,270,https://www.businessinsider.com/ai-impact-economy-gdp-jobless-growth-productivity-2025-10
This is the critical detail that could unravel the AI trade: Nobody is paying for it.,,1756917616.0,3715,411,https://www.morningstar.com/news/marketwatch/20250821256/this-is-the-critical-detail-that-could-unravel-the-ai-trade-nobody-is-paying-for-it
Microsoft dumps AI into Notepad as 'Copilot all the things' mania takes hold in Redmond,,1748314500.0,5336,584,https://www.theregister.com/2025/05/23/microsoft_ai_notepad/?td=rt-3a
AOC’s Deepfake AI Porn Bill Unanimously Passes the Senate,,1721887906.0,29609,1632,https://www.rollingstone.com/politics/politics-news/aoc-deepfake-porn-bill-senate-1235067061/
Report: Creating a 5-second AI video is like running a microwave for an hour,,1747936714.0,7463,445,https://mashable.com/article/energy-ai-worse-than-we-thought
"Teachers Are Not OK | AI, ChatGPT, and LLMs ""have absolutely blown up what I try to accomplish with my teaching.""",,1748874279.0,3628,940,https://www.404media.co/teachers-are-not-ok-ai-chatgpt/
Grok AI Is Replying to Random Tweets With Information About 'White Genocide',,1747249564.0,6582,513,https://gizmodo.com/grok-ai-is-replying-to-random-tweets-with-information-about-white-genocide-2000602243
AI researcher ‘turns down $1bn pay offer from Mark Zuckerberg’,,1753945719.0,5220,370,https://www.telegraph.co.uk/business/2025/07/30/ai-researcher-turns-down-1bn-pay-offer-mark-zuckerberg/
"Spotify CEO investments $700m in AI drone weapons company, as artists call for boycott",,1753257969.0,5272,383,https://www.middleeastmonitor.com/20250704-spotify-ceo-investments-700m-in-ai-drone-weapons-company-as-artists-call-for-boycott/
Scarlett Johansson Says She Declined ChatGPT's Proposal to Use Her Voice for AI – But They Used It Anyway: 'I Was Shocked',,1716245455.0,42241,2350,https://www.thewrap.com/scarlett-johansson-chatgpt-sky-voice-sam-altman-open-ai/
DeepSeek has ripped away AI’s veil of mystique. That’s the real reason the tech bros fear it | Kenan Malik,,1738578799.0,13121,570,https://www.theguardian.com/commentisfree/2025/feb/02/deepseek-ai-veil-of-mystique-tech-bros-fear
Millions of people are creating nude images of pretty much anyone in minutes using AI bots in a ‘nightmarish scenario’,,1729040113.0,11296,1356,https://nypost.com/2024/10/15/tech/nudify-bots-to-create-naked-ai-images-in-seconds-rampant-on-telegram/
People are using Google's new AI model to remove watermarks from images,,1742160720.0,13303,432,https://techcrunch.com/2025/03/16/people-are-using-googles-new-ai-model-to-remove-watermarks-from-images/
"""Guests Fined $500 for Misusing Hotel Hairdryer"": AI Scans Could Soon Monitor Every Move You Make In Your Room - View from the Wing",,1754455822.0,4284,388,https://viewfromthewing.com/guests-fined-500-for-misusing-hotel-hairdryer-ai-scans-could-soon-monitor-every-move-you-make-in-your-room/
"Fake Biden Robocalls Cost Wireless Provider $1 Million in FCC Penalties | The calls used AI to spoof Biden's voice, telling potential voters to stay home during the primaries.",,1724322589.0,33765,953,https://gizmodo.com/fake-biden-robocalls-cost-wireless-provider-1-million-in-fcc-penalties-2000489648
"Nick Clegg: Artists’ demands over copyright are unworkable.
The former Meta executive claims that a law requiring tech companies to ask permission to train AI on copyrighted work would ‘kill’ the industry.",,1748213757.0,3564,860,https://www.thetimes.com/article/9481a71b-9f25-4e2d-a936-056233b0df3d
Replit CEO on AI breakthroughs: ‘We don’t care about professional coders anymore’,,1736974963.0,6650,1052,https://www.semafor.com/article/01/15/2025/replit-ceo-on-ai-breakthroughs-we-dont-care-about-professional-coders-anymore
OpenAI Furious DeepSeek Might Have Stolen All the Data OpenAI Stole From Us,,1738170632.0,14747,503,https://www.404media.co/openai-furious-deepseek-might-have-stolen-all-the-data-openai-stole-from-us/
AI probably isn’t the big smartphone selling point that Apple and other tech giants think it is,,1730014749.0,9990,1217,https://thenextweb.com/news/ai-smartphone-selling-point-apple-tech-giants
AI Is a Mass-Delusion Event,,1755598941.0,4353,336,https://www.theatlantic.com/technology/archive/2025/08/ai-mass-delusion-event/683909
‘I have to do it’: Why one of the world’s most brilliant AI scientists left the US for China,,1758023851.0,3783,315,https://www.theguardian.com/news/ng-interactive/2025/sep/16/song-chun-zhu-why-one-of-the-worlds-most-brilliant-ai-scientists-left-the-us-for-china
Nick Clegg: Artists’ demands over copyright are unworkable | The former Meta executive claims that a law requiring tech companies to ask permission to train AI on copyrighted work would ‘kill’ the industry,,1748071854.0,3143,1032,https://www.thetimes.com/article/9481a71b-9f25-4e2d-a936-056233b0df3d?shareToken=b73da0b3b69c2884c07ff56833917350
PhD student expelled from University of Minnesota for allegedly using AI,,1740122948.0,6371,758,https://www.kare11.com/article/news/local/kare11-extras/student-expelled-university-of-minnesota-allegedly-using-ai/89-b14225e2-6f29-49fe-9dee-1feaf3e9c068
Ford CEO Says Blue-Collar Workers 'Safe' As AI Will Replace 'Literally Half Of All White-Collar Workers',,1751557304.0,3305,625,https://www.theautopian.com/ford-ceo-says-blue-collar-workers-safe-as-ai-will-replace-literally-half-of-all-white-collar-workers/
"Tech CEOs don't seem to realise just how anti-human their AI fanaticism is, and I think it's all because of the Enlightenment",,1754012348.0,4408,362,https://www.pcgamer.com/software/ai/tech-ceos-dont-seem-to-realise-just-how-anti-human-their-ai-fanaticism-is-and-i-think-its-all-because-of-the-enlightenment/
Pope Leo XIV warns of AI's threats to human dignity and labor,,1750337344.0,8293,300,https://www.techspot.com/news/108372-pope-leo-xiv-warns-ai-threats-human-dignity.html
"Mozilla under fire for Firefox AI ""bloat"" that blows up CPU and drains battery",,1754798462.0,5404,290,https://www.neowin.net/news/mozilla-under-fire-for-firefox-ai-bloat-that-blows-up-cpu-and-drains-battery/
New survey suggests the vast majority of iPhone and Samsung Galaxy users find AI useless – and I’m not surprised,,1741444008.0,8335,522,https://www.techradar.com/phones/new-survey-suggests-the-vast-majority-of-iphone-and-samsung-galaxy-users-find-ai-useless-and-to-be-honest-im-not-surprised
‘Trump Gaza’ video shared by president originated from pro-Israel accounts that have embraced AI,,1740625987.0,13886,417,https://www.nbcnews.com/tech/internet/trump-gaza-video-shared-president-originated-israel-accounts-embraced-rcna193891
Image of Donald Trump wading through flood water is AI-generated | Fact check,,1727980718.0,14316,929,https://www.usatoday.com/story/news/factcheck/2024/10/03/ai-image-trump-hurricane-helene-fact-check/75483588007/
"Salesforce CEO confirms 4,000 layoffs ‘because I need less heads' with AI",,1756863458.0,3715,335,https://www.cnbc.com/2025/09/02/salesforce-ceo-confirms-4000-layoffs-because-i-need-less-heads-with-ai.html
Using AI to Replace an Actor Is Now Against the Law in California,,1726609907.0,32239,712,https://www.indiewire.com/news/breaking-news/using-ai-replace-actor-against-law-california-1235048661/
Trump posts AI-generated image of Harris speaking at DNC with communist flags,,1724077882.0,15320,1209,https://www.independent.co.uk/news/world/americas/us-politics/trump-ai-communism-harris-dnc-b2598303.html
Duolingo CEO walks back AI-first comments: 'I do not see AI as replacing what our employees do',,1748109613.0,5612,434,https://fortune.com/2025/05/24/duolingo-ai-first-employees-ceo-luis-von-ahn/
92 Million Jobs Gone: Who Will AI Erase First?,,1753060765.0,3270,521,https://www.forbes.com/sites/janicegassam/2025/06/24/92-million-jobs-gone-who-will-ai-erase-first/
OpenAI has five years to turn $13 billion into $1 trillion | TechCrunch,,1760507279.0,2593,355,https://techcrunch.com/2025/10/14/openai-has-five-years-to-turn-13-billion-into-1-trillion/
YouTube secretly used AI to edit people's videos. The results could bend reality,,1756076085.0,4454,298,https://www.bbc.com/future/article/20250822-youtube-is-using-ai-to-edit-videos-without-permission
ChatGPT's hallucination problem is getting worse according to OpenAI's own tests and nobody understands why,,1746544741.0,4195,672,https://www.pcgamer.com/software/ai/chatgpts-hallucination-problem-is-getting-worse-according-to-openais-own-tests-and-nobody-understands-why/
Rolling Stone owner sues Google over AI summaries that cut web clicks,,1758102186.0,4805,242,https://www.thetimes.com/business-money/technology/article/rolling-stone-owner-sues-google-over-summaries-that-cut-web-clicks-2gmr78980
"AI Is Coming for the Consultants. Inside McKinsey, ‘This Is Existential.’",,1754152123.0,3495,425,https://www.wsj.com/tech/ai/mckinsey-consulting-firms-ai-strategy-89fbf1be
Child Disney star 'broke down in tears' after criminal used AI to make sex abuse images of her,,1722869358.0,11829,1591,https://news.sky.com/story/child-disney-star-broke-down-in-tears-after-criminal-used-ai-to-make-sex-abuse-images-of-her-13191067
OpenAI reportedly wants to build ‘five to seven’ 5 gigawatt data centers — ‘You’re talking about more than 1% of global electricity consumption for just those datacenters alone’,,1727443409.0,9779,1224,https://fortune.com/2024/09/27/openai-5gw-data-centers-altman-power-requirements-nuclear/
AI looks increasingly useless in telecom and anywhere else,,1755952011.0,4237,302,https://www.lightreading.com/ai-machine-learning/ai-looks-increasingly-useless-in-telecom-and-anywhere-else
"Tor browser's latest build cuts Mozilla's AI features in the name of privacy | While everyone else races to bake AI into the browser, Tor is ripping it out on purpose",,1760875664.0,6025,171,https://www.techspot.com/news/109907-tor-browser-latest-build-cuts-mozilla-ai-features.html
DOGE Goons Use AI to Delete Hundreds of Federal Regulations,,1753560829.0,10508,209,https://www.thedailybeast.com/doge-goons-use-ai-to-delete-hundreds-of-federal-regulations/
Taylor Swift says AI version of herself falsely endorsing Trump 'conjured up my fears',,1726103765.0,25008,707,https://www.the-express.com/entertainment/celebrity-news/148376/taylor-swift-ai-fake-trump-endorsement-fears
Video game actors are officially on strike over AI,,1722934956.0,14548,1176,https://www.theverge.com/2024/8/5/24213808/video-game-voice-actor-strike-sag-aftra
Gabe Newell thinks AI tools will result in a 'funny situation' where people who don't know how to program become 'more effective developers of value' than those who've been at it for a decade,,1752883212.0,2651,653,https://www.pcgamer.com/software/ai/gabe-newell-reckons-ai-tools-will-result-in-a-funny-situation-where-people-who-cant-program-become-more-effective-developers-of-value-than-those-whove-been-at-it-for-a-decade/
Vice President JD Vance is 'optimistic' about AI automating American jobs,,1753437574.0,2741,581,https://www.businessinsider.com/jd-vance-robots-coming-to-take-our-jobs-vc-summit-2025-7
"When AI’s ‘inevitable slowdown’ comes it could tank the S&P 500 by up to 20%, Goldman Sachs says",,1757123761.0,4590,251,https://fortune.com/2025/09/05/ai-inevitable-slowdown-sp-500-goldman-sachs/
A GOP attack ad deepfakes Chuck Schumer with AI,,1760767228.0,4891,187,https://www.npr.org/2025/10/17/nx-s1-5578279/ai-schumer-gop-attack-ad
Reddit user content being sold to AI company in $60M/year deal,,1708350902.0,25901,2894,https://9to5mac.com/2024/02/19/reddit-user-content-being-sold/
"Using AI makes you stupid, researchers find. Study reveals chatbots risk hampering development of critical thinking, memory and language skills",,1750170220.0,4218,439,https://www.telegraph.co.uk/business/2025/06/17/using-ai-makes-you-stupid-researchers-find/
Exactly how stupid was what OpenAI did to Scarlett Johansson?,,1716317103.0,12451,2496,https://www.washingtonpost.com/technology/2024/05/21/chatgpt-voice-scarlett-johansson/
"Gamers Are Making EA, Take-Two And CDPR Scared To Use AI - Forbes",,1748199424.0,4897,432,https://www.forbes.com/sites/paultassi/2025/05/24/gamers-are-making-ea-take-two-and-cdpr-scared-to-use-ai/
OpenAI publishes Elon Musk’s emails. ‘We’re sad that it’s come to this’,,1709788721.0,23887,2414,https://www.cnn.com/2024/03/06/tech/openai-elon-musk-emails/index.html
DOGE is reportedly developing an AI chatbot to analyse government contracts,,1738927838.0,6020,689,https://mashable.com/article/doge-ai-chatbot-gsa-government?campaign=Mash-BD-Synd-SmartNews-All&mpp=false&supported=false
OpenAI CEO Sam Altman says the world may be on the precipice of a “fraud crisis” because of how artificial intelligence could enable bad actors to impersonate other people.,,1753230185.0,3535,406,https://www.cnn.com/2025/07/22/tech/openai-sam-altman-fraud-crisis
OpenAI CEO Sam Altman denies sexual abuse allegations made by his sister in lawsuit,,1736301692.0,4797,1229,https://www.cnbc.com/2025/01/07/openais-sam-altman-denies-sexual-abuse-allegations-made-sister-ann.html
President Trump’s War On “Woke AI” Is A Civil Liberties Nightmare,,1755893668.0,5021,247,https://www.techdirt.com/2025/08/22/president-trumps-war-on-woke-ai-is-a-civil-liberties-nightmare/
Fake Protest Videos Are the Latest AI Slop to Go Viral in MAGA World | MAGA is doubling down on AI sadism. The phrase “I voted for this” has become a common thing for far-right supporters to say when something particularly brutal has happened to their political opponents.,,1759952934.0,5259,183,https://gizmodo.com/fake-protest-videos-are-the-latest-ai-slop-to-go-viral-in-maga-world-2000669656
"Reddit is being spammed by AI bots, and it’s all Reddit’s fault",,1750980795.0,5325,324,https://9to5mac.com/2025/06/26/reddit-is-being-spammed-by-ai-bots-and-its-all-reddits-fault/
Most Gen Zers are terrified of AI taking their jobs. Their bosses consider themselves immune,,1732493153.0,8259,783,https://fortune.com/2024/11/24/gen-z-ai-fear-employment/
Parents Sue School That Gave Bad Grade to Student Who Used AI to Complete Assignment ,,1729011284.0,8366,1011,https://gizmodo.com/parents-sue-school-that-gave-bad-grade-to-student-who-used-ai-to-complete-assignment-2000512000
"Salesforce CEO Marc Benioff says his company has cut 4,000 customer service jobs as AI steps in: ‘I need less heads’",,1756841459.0,2595,421,https://fortune.com/2025/09/02/salesforce-ceo-billionaire-marc-benioff-ai-agents-jobs-layoffs-customer-service-sales/
Google and Microsoft’s AI Chatbots Refuse to Say Who Won the 2020 US Election,,1717774391.0,15684,1344,https://www.wired.com/story/google-and-microsofts-chatbots-refuse-election-questions/
"Biden, Xi agree that humans, not AI, should control nuclear arms",,1731855452.0,15413,503,https://www.reuters.com/world/biden-xi-agreed-that-humans-not-ai-should-control-nuclear-weapons-white-house-2024-11-16/
Taylor Swift is living every woman’s AI porn nightmare — Deepfake nudes of the pop star are appearing all over social media. We all saw this coming.,,1706215436.0,16615,4357,https://www.vice.com/en/article/qjvajd/taylor-swift-is-living-every-womans-ai-porn-nightmare
Bumble founder says your dating 'AI concierge' will soon date hundreds of other people's 'concierges' for you,,1715358481.0,10573,2379,https://fortune.com/2024/05/10/bumbles-whitney-wolfe-herd-dating-concierge-artificial-intelligence/
Cops lure pedophiles with AI pics of teen girl. Ethical triumph or new disaster?,,1725722008.0,9060,1007,https://arstechnica.com/tech-policy/2024/09/cops-lure-pedophiles-with-ai-pics-of-teen-girl-ethical-triumph-or-new-disaster/
Trump revokes Biden executive order on addressing AI risks,,1737424135.0,9439,447,https://www.reuters.com/technology/artificial-intelligence/trump-revokes-biden-executive-order-addressing-ai-risks-2025-01-21/
OpenAI says Sky voice in ChatGPT will be paused after concerns it sounds too much like Scarlett Johansson,,1716212551.0,14380,1296,https://www.tomsguide.com/ai/chatgpt/openai-says-sky-voice-in-chatgpt-will-be-paused-after-concerns-it-sounds-too-much-like-scarlett-johansson
'I'm feeling spicy': Grok's new 'spicy' AI girlfriend will develop relationships with children,,1756301439.0,2880,348,https://www.lbc.co.uk/article/grok-ai-online-safety-act-5HjdBX5_2/
Google removes pledge to not use AI for weapons from website,,1738714973.0,11540,367,https://techcrunch.com/2025/02/04/google-removes-pledge-to-not-use-ai-for-weapons-from-website/
"Big Tech is pushing for a 10-year ban on AI regulation by individual US states. People familiar with the moves said lobbyists are acting on behalf of Amazon, Google, Microsoft and Meta to urge the US Senate to enact the moratorium.",,1750248545.0,6036,274,https://www.ft.com/content/52ae52f1-531e-462f-898f-e9f86b3b1869
ICE Spends Millions on Clearview AI Facial Recognition to Find People ‘Assaulting’ Officers,,1757377041.0,3843,241,https://www.404media.co/ice-spends-millions-on-clearview-ai-face-recognition-to-find-people-assaulting-officers/
"Duolingo CEO says there may still be schools in our AI future, but mostly just for childcare",,1747505793.0,3152,625,https://www.businessinsider.com/duolingo-ceo-schools-ai-future-childcare-2025-5
"AI 'bubble' will burst 99 percent of players, says Baidu CEO",,1729488905.0,8903,708,https://www.theregister.com/2024/10/20/asia_tech_news_roundup/
"Bill Gates warns young people of four major global threats, including AI",,1739969235.0,5450,556,https://www.techspot.com/news/106836-bill-gates-warns-young-people-four-major-global.html
"Jensen Huang says China is ‘nanoseconds behind’ the US in chipmaking, calls for reducing US export restrictions on Nvidia's AI chips",,1759101913.0,2064,398,https://www.tomshardware.com/jensen-huang-says-china-is-nanoseconds-behind-in-chips
House passes budget bill that inexplicably bans state AI regulations for ten years,,1747941575.0,6276,299,https://www.engadget.com/big-tech/house-passes-budget-bill-that-inexplicably-bans-state-ai-regulations-for-ten-years-184936210.html
President Trump signs executive order boosting AI in K-12 schools,,1746048096.0,3627,558,https://www.usatoday.com/story/news/politics/2025/04/23/trump-order-artificial-intelligence-schools-ai/83230792007/
Wikipedia Is Getting Pretty Worried About AI,,1760790557.0,2780,244,https://nymag.com/intelligencer/article/wikipedia-contributors-are-worried-about-ai-scraping.html
San Francisco police officially rule OpenAI whistleblower Suchir Balaji’s death a suicide in long awaited report,,1739650095.0,8549,389,https://fortune.com/2025/02/15/san-francisco-police-report-officially-rules-openai-whistleblower-suchir-balajis-death-suicide/
"VLC player demos real-time AI subtitling for videos / VideoLAN shows off the creation and translation of subtitles in more than 100 languages, all offline.
",,1736432378.0,7956,488,https://www.theverge.com/2025/1/9/24339817/vlc-player-automatic-ai-subtitling-translation
"Trump loves AI, and the MAGA world is getting worried",,1757801648.0,4636,197,https://www.politico.com/news/2025/09/13/ai-is-opening-a-maga-trump-split-00534925
YouTube Music’s new AI host talks between songs and you can’t turn it off,,1759269010.0,2057,381,https://www.dexerto.com/youtube/youtube-musics-new-ai-host-talks-between-songs-and-you-cant-turn-it-off-3259043/
"Wikipedia Says AI Is Causing a Dangerous Decline in Human Visitors | “With fewer visits to Wikipedia, fewer volunteers may grow and enrich the content, and fewer individual donors may support this work.”",,1760664819.0,4631,164,https://www.404media.co/wikipedia-says-ai-is-causing-a-dangerous-decline-in-human-visitors/
"Student Makes Tool That Identifies ‘Radicals’ on Reddit, Deploys AI Bots to Engage With Them",,1747702873.0,3540,490,https://www.404media.co/student-makes-tool-that-identifies-radicals-on-reddit-deploys-ai-bots-to-engage-with-them/
College grad unemployment surges as employers replace new hires with AI,,1751792064.0,4028,320,https://www.cbsnews.com/video/college-grad-unemployment-surges-employers-replace-new-hires-ai/
Actor Stephen Fry says his voice was stolen from the Harry Potter audiobooks and replicated by AI—and warns this is just the beginning,,1695000686.0,39943,3104,https://fortune.com/2023/09/15/hollywood-strikes-stephen-fry-voice-copied-harry-potter-audiobooks-ai-deepfakes-sag-aftra-simon-pegg-brian-cox-matthew-mcconaughey/
A 32-year-old receptionist spent years working at a Phoenix hotel. Then it installed AI chatbots and made her job obsolete.,,1739384284.0,5663,516,https://fortune.com/2025/02/11/32-year-old-receptionist-spent-years-working-phoenix-hotel-then-ai-chatbots-made-her-job-obsolete/
"DC Comics won’t support generative AI: ‘not now, not ever’",,1760014160.0,5801,146,https://www.theverge.com/news/797540/dc-comics-jim-lee-no-generative-ai-pledge
OpenAI whistleblower who died was being considered as witness against company,,1734852516.0,13553,383,https://www.theguardian.com/technology/2024/dec/21/openai-whistleblower-dead-aged-26?CMP=Share_AndroidApp_Other
China starts mass production of world’s first non-binary AI chip,,1749441107.0,4132,356,https://www.scmp.com/news/china/science/article/3313349/beyond-1s-and-0s-china-starts-mass-production-worlds-first-non-binary-ai-chip
"Exhausted man defeats AI model in world coding championship: ""Humanity has prevailed (for now!),"" writes winner after 10-hour coding marathon against OpenAI.",,1752871559.0,4073,283,https://arstechnica.com/ai/2025/07/exhausted-man-defeats-ai-model-in-world-coding-championship/
"China puts American AI industry on notice yet again with Ernie X1, Baidu's new open-source reasoning model",,1742179009.0,5532,421,https://www.businessinsider.com/baidu-ernie-x1-ai-reasoning-model-china-competition-openai-2025-3
"AI has had zero effect on jobs so far, says Yale study",,1759353090.0,1885,396,https://www.theregister.com/2025/10/01/ai_isnt_taking_people_jobs/
AI company files for bankruptcy after being exposed as 700 Indian engineers,,1748962519.0,5373,288,https://www.dexerto.com/entertainment/ai-company-files-for-bankruptcy-after-being-exposed-as-700-human-engineers-3208136/
